{
  "version": "v1",
  "n_samples": 101,
  "accuracy": 0.9523809523809523,
  "f1_macro": 0.9474747474747476
}