{
  "version": "v2",
  "n_samples": 150,
  "accuracy": 0.8666666666666667,
  "f1_macro": 0.8666666666666667
}